,ID,sent,Hate Speech H,Grammatically corrected comment,type,labels,Prediction
0,445,"E vetmja qÃ« nuk ka idenÃ« e dialogut nÃ« Panel, Ã«shtÃ« kjo kanarina bjonde qÃ« ndÃ«rpret vazhdimisht.",,"E vetmja qÃ« nuk ka idenÃ« e dialogut nÃ« panel, Ã«shtÃ« kjo kanarina bjonde qÃ« ndÃ«rpret vazhdimisht.",Politics,T,F
1,118,KUDRAT OSE MEQKAT E EDUIN KRISTAQ RAMAVUQIQIT SI BATON STANOJKOVIQIT E E KJO DREDHEZA E LEPIRJES SE BYTHESSE SHITUR OSE KY DREHARAKU I KRYE KRIMINELIT SERB E KA HALLIN SI TA SHPERBEJ SHQIPERIN E POPULLIT SHQIPTAR  LARG SHKOFSHI BASHK ME BATON STANISHIQI TURP TURP JU QOFT O ZAGARET OSE HIJET E SHEKULLIT,T,"Kudrat ose meqkat e Eduin Krista Ramavuqiqit si Baton Stanojkoviqit e kjo dredesa e lepirjes se bythes se shitur ose ky dredharaku i kryekriminelit serb e ka hallin si ta shperbeje Shqiperine e popullit shqipetar. Larq qofshi bashke me Baton Stanishiqi! Turp, turp ju qofte o zagaret ose hijet e shekullit!",Politics,F,T
2,31,Ekrani ka ra shum posht.. figura,,"Ekrani ka rene shume poshte, figura ...",Politics,F,F
3,132,Pd paska dhe pederaste ne Gjermani,T,PD-ja paska dhe pederaste ne Gjermani.,Politics,T,T
4,141,Ã‡fare Gomarit ky Balliu ğŸ˜…,T,Ã‡fare gomari ky Balliu! ,Politics,T,T
5,317,Taku gjithmone i sakte ne analizat e tij,F,Taku gjithmone i sakte ne analizat e tij.,Politics,F,F
6,56,Po  te  ishin  aq  te  drejt  shqiptart  doja  kishin  ka  lua  amerikes  qe  esht  demokracia  e  gjith  botes,F,"Po te ishin aq te drejte shqiptaret do ia kishin kaluar Amerikes, qe eshte demokracia e gjithe botes.",Politics,F,F
7,40,Fantozi je bere vegel e ramovicit .Ke kohe qe kundershton te verteten,,Fantozi je bere vegel e Ramovicit .Ke kohe qe kundershton te verteten,Politics,F,T
8,10,Keta ankohen qe avjonin e ka ne dispozicion dhe quhet po te kthehej ne Amerike se kjo nuk quhet viziteğŸ˜¢ğŸ˜¢ğŸ˜¢ğŸ˜¢ğŸ˜¢ğŸ˜¢ğŸ˜¢ keta jane k.qe,T,"Keta ankohen qe avionin e ka ne dispozicion dhe quhet po te kthehej ne Amerike. Se kjo nuk quhet viziteğŸ˜¢ğŸ˜¢ğŸ˜¢ğŸ˜¢ğŸ˜¢ğŸ˜¢ğŸ˜¢ ,keta jane koqe!",Politics,T,T
9,397,Lubonja si opozitar ha makarona ne Itali pastaj vjen e shprazet ne Shqiperi me ide qe ne fakt shqiptaret s'kane nevoje.Nese idete e tua te duket se kane peshe bej opozitarin duke bere thirrje te dalesh vete i pari dhe pastaj ndjekesit.Per mend kemi vete.Ik dhe futi ndonje makarone se shyqyr qe t'u dha rasti pas burgosjes por ti s'ngjall asnje ndjenje.Ben thjeshte filozofin abstrakt.Asgje thelbesore.,,Lubonja si opozitar ha makarona ne Itali pastaj vjen e shprazet ne Shqiperi me idene qe ne fakt shqiptaret s'kane nevoje. Nese idete e tua te duket se kane peshe bej opozitarin duke bere thirrje te dalesh vete i pari dhe pastaj ndjekesit. Per mend kemi vete. Ik dhe futi ndonje makarone se shyqyr qe t'u dha rasti pas burgosjes por ti s'ngjall asnje ndjenje. Ben thjeshte filozofin abstrakt. Asgje thelbesore.,Politics,T,F
10,138,Ps ne 2025  mer pushtet dhe fitore mbi 85 depuet vetem ndersa pd nene grades se berishes nuk mer me shum se dhjet dhjet deputet basha do mar 25  deri 30 deputet  vetem se pse njerzit e berishes  i ka largu dhe prandaj basha do jet i paster me pd me figura te pastar dhe pa njoll,F,"PS-ja ne 2025  merr pushtetin dhe fitoren me mbi 85 deputete vetem,  ndersa PD-ja e ""non grata-es"" se Berishes nuk mer me shume se dhjete deputete. Basha do marr 25  deri ne 30 deputete  vetem, sepse njerezit e Berishes  i ka larguar dhe prandaj Basha do jete i paster me PD-ne me figura te pastra dhe pa njolle.",Politics,F,F
11,211,41:17 dhe kur ka ende qe thone qe ishte mire ne kohen e Enverit ... Shih ca njerezish pa dhembe e lekure sikur ishin nxjerre nga kafazi i kopshtit zoologjik :/,T,"41:17 dhe kur ka ende qe thone qe ishte mire ne kohen e Enverit. Shih cfare njerezish pa dhembe e lekure, sikur ishin nxjerre nga kafazi i kopshtit zoologjik.",Politics,T,T
12,248,Ka shume arsye nje nga te mirat eshte nje baze qe duhet rindertuar si baze gjeostrategjike dhe ka bere shume mire Ne kohen e Enverit kaq ishte nje repart ushtarak,F,Ka shume arsye: nje nga te mirat eshte nje baze qe duhet rindertuar si baze gjeostrategjike dhe ka bere shume mire. Ne kohen e Enverit kaq ishte nje repart ushtarak.,Politics,F,F
13,396,z   eni  ku  e  ke  gjeturkete  budallaqen  zhulali  per  te  bere  emisionin  te  pakten  mesoje  si  te  beje  tualetin  se  duket  si  nuse  fshati,,Zj. Eni  ku  e  ke  gjetur kete  budallaqen  Zhulali  per  te  bere  emisionin? Te  pakten  mesoje  si  ta  beje  tualetin  se  duket  si  nuse  fshati!,Politics,T,T
14,446,Edvin Ram Toptani duhet te neutralizohet sa me shpejt,F,Edvin Ram Toptani duhet te neutralizohet sa me shpejt,Politics,F,F
15,73,PD eshte hale,T,PD eshte hale.,Politics,T,F
16,226,Kjo do bejÃ« tÃ« tjetera diversione me Currin... ğŸ˜‚ğŸ˜‚,F,Kjo do bejÃ« tÃ« tjera diversione me Currin... ğŸ˜‚ğŸ˜‚,Politics,F,F
17,356,"Te besh analize eshte gjeja me e thjeshte, bolle me fjale a keni veprağŸ˜. Te gjithe legena partish.",T,"Te besh analize eshte gjeja me e thjeshte, boll me fjale a keni veprağŸ˜. Te gjithe legena partish.",Politics,T,F
18,223,Ore kush me thotÃ« c'fare do tÃ« thotÃ« Diskrecion qÃ« thotÃ« kjo karafilja ... Eshte fjalÃ« tokÃ«sore  apo jashte tokÃ«sore.??/,,"Ore, kush me thotÃ« cfare do tÃ« thotÃ« Diskrecion qÃ« thotÃ« kjo karafilja?  Eshte fjalÃ« tokÃ«sore apo jashtetokÃ«sore?",Politics,T,T
19,80,"Zoti Fevziu vizita e zotit Blinken nÃ« ShqipÃ«ri ishte vetÃ«m njÃ« vÃ«tetÃ«si e mardhÃ«nieve ShqipÃ«ri - SHBA, ku qeveria amerikane bÃ«ri theksimin e miqÃ«sis sÃ« veÃ§antÃ« tÃ« dy shteteve tona. ShpresojmÃ«, se Opozita shqipÃ«tare nxorri mÃ«sime nga kjo vizit dhe hapi sytÃ« pÃ«r tÃ« ardhmen. Qeveria amerikane ndjek me vÃ«mendje zhvillimin e ShqipÃ«ris dhe KosovÃ«s dhe veÃ§anÃ«risht tÃ« ShqipÃ«tarÃ«ve tÃ« kudondodhur. Projektet tona me SHBA-nÃ« do thellohen mÃ« shumÃ« dhe nuk do lejojnÃ«, qÃ« nÃ« mes tyre tÃ« pÃ«shtyj asnjÃ« shtet tjetÃ«r fqinj. KÃ«tu dua tÃ« theksoj llomotitjet e panumÃ«rta tÃ« shumÃ« medieve opozitare, qÃ« merren me spekullime dhe dalin para kamerave, se gjoja i njohin mirÃ« mardhÃ«niet e ShqipÃ«ris me AmerikÃ«n. Periudha e fusha-tÃ«s elektorale ka pÃ«rfunduar, tani Ã«shtÃ« koha e realizimit tÃ« objektivave tÃ« reja. Cilat janÃ« kÃ«to objektiva? Projektet e reja qÃ« qeveria aktuale dhe opozita ka pÃ«r kÃ«tÃ« vit. Mos ka vallÃ« vetÃ«m projekte pÃ«r ShqipÃ«rin vetÃ«m  qeveria socialiste? MÃ« duket se po. Forcat politike demokratike, si forca mÃ« e madhe opozitare e qeveris socialiste kanÃ« vetÃ«m njÃ« alternativ jetshpÃ«tuese: TÃ« dalin para popullit dhe votuesve tÃ« tyre me projekte tÃ« reja pÃ«r ShqipÃ«rin dhe vendin tonÃ«. KÃ«to projekte financiare pÃ«r ekonomin tonÃ« kombÃ«tare kanÃ« rÃ«ndÃ«sin e madhe strategjike pÃ«r ngritjen e nivelit kombÃ«tar tÃ« vendit nÃ« njÃ« zhvillim Ã« ri, nÃ« njÃ« pÃ«rparim tÃ« ri, nÃ« njÃ« financ tÃ« re ekonommike dhe financiare. Fakti, qÃ« shteti amerikan po investon nÃ« ShqipÃ«ri, tregon dhe shpreh besueshmÃ«rin dhe lojalitetin e qeveris aktuale tÃ« ShqipÃ«ris ndaj shtetit amerikan. KÃ«tÃ« besueshmÃ«ri tÃ« shtetit amerikan ndaj ShqipÃ«ris do ta dÃ«shironte Ã§do shtet tjetÃ«r pÃ«rreth nesh. Merita e zotit Rama Ã«shtÃ« njohja e gjuhÃ«ve tÃ« huaja, por edhe fjalÃ«t qÃ« ai zgjedh nÃ« diplomacin e tÃ« dy shteteve tona. ShqipÃ«ria nuk ka njÃ« MinistÃ«r tÃ« JashtÃ«m, por njÃ« politik shumÃ« tÃ« fortÃ« nÃ« PolitikÃ«n e Jashtme. Sigurisht, qÃ« Rama Ã«shtÃ« duke punuar pÃ«r tÃ« vendosur njÃ« person tÃ« fortÃ« dhe tÃ« besueshÃ«m nÃ« kÃ«tÃ« pozicion tÃ« rÃ«ndÃ«sishÃ«m diplomatik shqipÃ«tar.",F,"Zoti Fevziu, vizita e zotit Blinken nÃ« ShqipÃ«ri ishte vetÃ«m njÃ« vÃ«rtetÃ«si e marredhÃ«nieve ShqipÃ«ri - SHBA, ku qeveria amerikane bÃ«ri theksimin e miqÃ«sise sÃ« veÃ§antÃ« tÃ« dy shteteve tona. ShpresojmÃ« qe opozita shqiptare nxori mÃ«sime nga kjo vizite dhe hapi sytÃ« pÃ«r tÃ« ardhmen. Qeveria amerikane ndjek me vÃ«mendje zhvillimin e ShqipÃ«rise dhe KosovÃ«s, dhe veÃ§anÃ«risht tÃ« shqiptarÃ«ve tÃ« kudo ndodhur. Projektet tona me SHBA-nÃ« do thellohen mÃ« shumÃ«, dhe nuk do lejojnÃ« qÃ« nÃ« mes tyre tÃ« pÃ«shtyj asnjÃ« shtet tjetÃ«r fqinj. KÃ«tu dua tÃ« theksoj llomotitjet e panumÃ«rta tÃ« shumÃ« mediave opozitare, qÃ« merren me spekullime dhe dalin para kamerave, se gjoja i njohin mirÃ« marrdhÃ«niet e ShqipÃ«rise me AmerikÃ«n. Periudha e fushatÃ«s elektorale ka pÃ«rfunduar, tani Ã«shtÃ« koha e realizimit tÃ« objektivave tÃ« reja. Cilat janÃ« kÃ«to objektiva? Projektet e reja qÃ« qeveria aktuale dhe opozita ka pÃ«r kÃ«tÃ« vit. Mos ka vallÃ«, projekte pÃ«r ShqipÃ«rine, vetÃ«m qeveria socialiste? MÃ« duket se po. Forcat politike demokratike, si forca mÃ« e madhe opozitare e qeverise socialiste kanÃ« vetÃ«m njÃ« alternative jete shpÃ«tuese: TÃ« dalin para popullit dhe votuesve tÃ« tyre me projekte tÃ« reja pÃ«r ShqipÃ«rine dhe vendin tonÃ«. KÃ«to projekte financiare pÃ«r ekonomine tonÃ« kombÃ«tare kanÃ« rÃ«ndÃ«sine e madhe strategjike, pÃ«r ngritjen e nivelit kombÃ«tar tÃ« vendit nÃ« njÃ« zhvillim tÃ« ri, nÃ« njÃ« pÃ«rparim tÃ« ri, nÃ« njÃ« finance tÃ« re ekonomike dhe financiare. Fakti, qÃ« shteti amerikan po investon nÃ« ShqipÃ«ri, tregon dhe shpreh besueshmÃ«rine dhe loyal-itetin e qeverise aktuale tÃ« ShqipÃ«rise ndaj shtetit amerikan. KÃ«tÃ« besueshmÃ«ri tÃ« shtetit amerikan ndaj ShqipÃ«rise do ta dÃ«shironte Ã§do shtet tjetÃ«r pÃ«rreth nesh. Merita e zotit Rama Ã«shtÃ« njohja e gjuhÃ«ve tÃ« huaja, por edhe fjalÃ«t qÃ« ai zgjedh nÃ« diplomacine e tÃ« dy shteteve tona. ShqipÃ«ria nuk ka njÃ« MinistÃ«r tÃ« JashtÃ«m, por njÃ« politikan shumÃ« tÃ« fortÃ« nÃ« PolitikÃ«n e Jashtme. Sigurisht, qÃ« Rama Ã«shtÃ« duke punuar pÃ«r tÃ« vendosur njÃ« person tÃ« fortÃ« dhe tÃ« besueshÃ«m nÃ« kÃ«tÃ« pozicion tÃ« rÃ«ndÃ«sishÃ«m diplomatik shqiptar.",Politics,F,F
20,34,Blinken do na bente nje der te madh me qe e pelqen Ramen ta merrte ne administraten e vet dhe ta qlironte kete popull nga diktatura qe ka krijuar ky kryminister,F,Blinken do na bente nje nder te madh meqe e pelqen Ramen. Ta merrte ne administraten e vet dhe ta Ã§lironte kete popull nga diktatura qe ka krijuar ky kryeminister,Politics,F,F
21,181,"Shehu eshte grandioz, komplimenti nga Italia,  avokat pse nuk I merr ne shtepin tende, ne shqiptaret po emigrojm ne gjith boten e aty po vijn afrikan ğŸ˜®ğŸ˜®",F,"Shehu eshte grandioz, komplimente nga Italia! Avokat, pse nuk i merr ne shtepine tende? Ne shqiptaret po emigrojme ne gjithe boten e aty po vijne afrikanet. ğŸ˜®ğŸ˜®",Politics,F,F
22,83,Juve I bini qemaneve si te doni. E vertebra eshte ajo qe degjuam nga vet sekretari i shtetit. Populli e shikon dhe degjon qe Rama eshte lider shume I afte..Ju te opposites mblidheni mendjen lereni Nongraten duhet te shikoni perpara po ju nuk keni bythe te ndaheni nga nongrata,T,"Juve i bini qemaneve si te doni. E verteta eshte ajo qe degjuam nga vete sekretari i shtetit. Populli e shikon dhe degjon qe Rama eshte lider shume i afte. Ju te opozites mblidheni mendjen,  lereni ""non grata-en""! Duhet te shikoni perpara, por ju nuk keni bythe te ndaheni nga ""non grata""!",Politics,T,T
23,16,"O Fefzi vendos rregull,lere shoumenin qe bene",,"O Fevzi vendos rregull, lere showman-in qe ben.",Politics,F,F
24,102,Na ke ca karin me kte sipunin e udbs batonin  a ske kan me ftu a ca per cdo lloi teme ky kurva mer pjes,T,"Na ke care karin me kete sipunin e udbs, Batonin! A s'ke ke te ftosh, apo cfare? Per cdo lloj teme kjo kurva merr pjese.",Politics,T,T
25,292,"Uaaa lan nam gezim i madh qe Top chanal e murr vesht i pari dhe redesia e sekretarit Amerikan nuk ka vler,vler te madhe ka qe keta e muren vesh te paret ğŸ™„ğŸ¤¯",F,"Uaaa lane nam, gezim i madh qe Top chanal e mori vesh i pari dhe rendesia e sekretarit amerikan nuk ka vlere. Vlere te madhe ka qe keta e moren vesh te paret .ğŸ™„ğŸ¤¯",Politics,F,F
26,441,Shume e trashe kjo bjondja! Prandaj edhe Saliu i mban afer keta.,,Shume e trashe kjo bjondja! Prandaj edhe Saliu i mban afer keta.,Politics,T,F
27,43,Turp te kesh ti si drejtus qe ben komand nje deputet injorant me nje llogjik femije.,T,"Turp te kesh ti si drejtues qe ben komande, nje deputet injorant me nje logjike femije.",Politics,T,F
28,176,Waaahhh sa eshte lyer grida ğŸ˜³,F,Waaahhh sa eshte lyer Grida !ğŸ˜³,Politics,F,F
29,387,"Paradoksi Shqiptar,,,, njÃ« njeri si Lubonja (bÃ«n burg politik), dhe partia qÃ« e futi nÃ« burg vazhdon akoma nÃ« pushtet dhe dÃ«rgon spiunat si Ã‡ipa dhe Hilja tÃ« bisedojnÃ« nÃ«pÃ«r studjo tv.....ğŸ¤®ğŸ¤®ğŸ¤®ğŸ¤®. TÃ« rroj partia me udhÃ«heqÃ«sin e shquar nÃ« krieâœŠâœŠ",F,"Paradoksi shqiptar, njÃ« njeri si Lubonja (bÃ«n burg politik), dhe partia qÃ« e futi nÃ« burg vazhdon akoma nÃ« pushtet dhe dÃ«rgon spiunat si Ã‡ipa dhe Hilja tÃ« bisedojnÃ« nÃ«pÃ«r studio tv.....ğŸ¤®ğŸ¤®ğŸ¤®ğŸ¤®. TÃ« rroje partia me udhÃ«heqÃ«sin e shquar nÃ« kryeâœŠâœŠ",Politics,F,F
30,47,"O bullafiq, ja fute por$&&. Blinken eshte super i kualifikuar o injorant!",T,"O bullafiq, ja fute pordhes. Blinken eshte super i kualifikuar, o injorant!",Politics,T,T
31,313,"Sh. SPARTAK,ju jo i rrjedhur,por ju jeni pjerdhur nga mendja.Te dhjefsha llogjiken qe ke.",T,"Sh. Spartak , ju jo i rrjedhur, por ju jeni pjerdhur nga mendja.Te dhjefsha logjiken qe ke.",Politics,T,T
32,166,Po more shtuni Ã¼Ã«rse se po pÃ«rkÃ«dhelet akoma Serbia si nga europa dhe nga shba.Ajo qÃ« bÃ«n kosova Ã«sht mjaft e drejt pÃ«r kosovÃ«n.Po VuÃ§iÃ§ ka Ã¼Ã«rdor kokforci mÃ« tÃ« madhe gjat gjith ksaj kohe dhe po pÃ«rfiton e po ja fÃ«rkojn kokÃ«n apo kosova Ã«sht e vogÃ«l dhe shtet i ri dhe kush Ã«sht i vogÄ“l dhe mÃ« i pa fuqishÄ“m dhe duhet ti hypin nÃ« kurriz me tÃ« pa drejt.,F,"Po more Shtuni perse? Se po pÃ«rkÃ«dhelet akoma Serbia si nga Europa dhe nga ShBA-ja. Ajo qÃ« bÃ«n Kosova Ã«shte mjaft e drejte pÃ«r KosovÃ«n. Po VuÃ§iÃ§ ka perdorur kokefortesine mÃ« tÃ« madhe gjate gjithe kesaj kohe dhe po pÃ«rfiton e po ia fÃ«rkojne kokÃ«n, apo Kosova Ã«shte e vogÃ«l dhe shtet i ri dhe kush Ã«shte i vogÄ“l dhe mÃ« i pafuqishÄ“m duhet ti hipin nÃ« kurriz me pa te drejte.",Politics,F,T
33,149,Ky eshte Kriminel I Gazes zoti I shkatrrofte cifutet dhe kriminelet e luftes,T,"Ky eshte kriminel i Gazes, Zoti i shkaterrofte cifutet dhe kriminelet e luftes!",Politics,T,T
34,250,"what is this show, the philosophy of nothing important, just thoughts with no effect, no weight",F,"what is this show, the philosophy of nothing important, just thoughts with no effect, no weight",Politics,F,F
35,308,"Te ish mire ikish mare malta,malizi,apo kroacija etj",F,"Te ishte mire, i kishte marre Malta, Mali i Zi, apo Kroacia etj",Politics,F,F
36,390,Po moj Ilda Zhulaqi..sipas jush sishte asgje kjo Visite..Se te shikon Berisha kur flet..Opozita pa Berishen dhe dhunen e tij dot ishte ne Pushtet.,F,Po moj Ilda Zhulaqi..sipas jush s'ishte asgje kjo vizite..Se te shikon Berisha kur flet..Opozita pa Berishen dhe dhunen e tij sot ishte ne pushtet.,Politics,F,F
37,300,"Ã‡fare fitimi more avokat, e mori ferra kete vend...ğŸ˜¢",F,"Ã‡fare fitimi more avokat, e mori ferra kete vend...ğŸ˜¢",Politics,F,F
38,249,Cfar eshte ai klloun cirku deputet??ğŸ˜¢ğŸ˜¢ğŸ˜¢,,Cfare eshte ai kloun cirku deputet??ğŸ˜¢ğŸ˜¢ğŸ˜¢,Politics,T,T
39,375,Qipa eshte bere me gojore se ky permutari,,Qipa eshte bere me gojore se ky permutari,Politics,T,F
40,6,Ky Nesho mos iku per korrupsion si Ambasador ?,F,Ky Nesho mos ndoshta iku per korrupsion si ambasador ?,Politics,F,F
41,352,SHIKONI SI E NZOREN KOKEN E QELBUR KETO 3 ANTIAMERIKANET E SALI BERSHURES,T,Shikoni si e nxorren koken e qelbur keto tre antiamerikanet e Sali Berishes,Politics,T,T
42,61,Ky Nesho perfundimisht nuk ka rrjedhur por ka pjerdhur,T,"Ky Nesho perfundimisht nuk ka rrjedhur, por ka pjerdhur.",Politics,T,T
43,219,Aman... Fute nje here dorÃ«n nÃ« xhep ğŸ˜…ğŸ˜…ğŸ˜…,F,Aman... Fute nje here dorÃ«n nÃ« xhep ğŸ˜…ğŸ˜…ğŸ˜…,Politics,F,F
44,325,Ky Arian Curri e avukati flasiin kot ne emigrantet jemi te kÃ«naqur ju flisni kot per anen politike qe perfaqesojn,F,"Ky Arian Curri e avokati flasin kot.  Ne emigrantet jemi te kÃ«naqur, ju flisni kot per anen politike qe perfaqesoni.",Politics,F,F
45,64,Ore kujt i vlen kjo bisede kur analistet  mbajne hapur  nga ata qe i paguan dhe  qe kane interesa personale .  Kta nuk i sherbejne popullit o Blendi dhe ti qe e kthen pllaken nga te gjithe per interesin tend. Mos e pandehni popullin budalla sa jane me te zjuar se ata aty apo si ke degjuar ne intervistat ne rruge.,F,"Ore kujt i vlen kjo bisede, kur analistet  mbajne hapur  nga ata qe paguhen dhe  qe kane interesa personale?  Keta nuk i sherbejne popullit, o Blendi. Dhe ti qe e kthen pllaken nga te gjithe per interesin tend. Mos e pandehni popullin budalla, se jane me te zgjuar se ata aty, apo si ke degjuar ne intervistat ne rruge?!",Politics,F,F
46,410,"0 linditasallata , Lubonja eshte bere pishman qe eshte pjelle ti thua 
I love you .( une te dua shume).",F,"0 Lindita sallata , Lubonja eshte bere pishman qe eshte pjelle, ti thua: 
I love you .( une te dua shume).",Politics,F,F
47,115,Amerikanet jan ok me tipa qe paguajn si rama saliu I kundershtoi disa pagesa prandaj e moren inat amerikanet por mos harroni leket qe paguan rama jan leket e popullit,F,"Amerikanet jane ne rregull me tipa qe paguajne si Rama. Saliu i kundershtoi disa pagesa prandaj e moren inat amerikanet, por mos harroni leket qe paguan Rama jane leket e popullit.",Politics,F,F
48,156,Vdekje pushtimit 30 vjeÃ§ar amerikan ne shqiperi.   ğŸ¤¡,F,Vdekje pushtimit 30 vjeÃ§ar amerikan ne Shqiperi.   ğŸ¤¡,Politics,F,F
49,173,"O Zot, e keni kethyer boten mediatike ne nje fshat! Nje hajvan te padituer e te palexuar si Ngjela(Po po ...te palexuar...i ka mbyll librat dekada me pare. Kjo duket nga informacionet dhe llogjika qe  jep eshte e viteve 60-70 te shekullit te kaluar.) , cdo dite te Perendise qe te shfaqi me duf brengat e nje jete te deshtuar , kariere profesionale te deshtuar e te nje kariere politike te deshtuar. Turp! Ka njerez te ditur ,shume te ditur vendi im...brenda e jashte atdheut...Jane ata qe edhe kur i ftoni ua jepni fjalen pak sekonda dhe mbyten nga cjerrjet prej gjeli te Ngjeles e ngjelave te tjere , pjeserisht nga komplekse inferioriteti,pjeserisht nga frika se mos u zene kete tavoline qe duket se ka 20 vjete qe e keni shtruar. E vetmja premise qe e mbyt cudine time , eshte prezenca e kesaj moderatoreje arrogante dhe pedante...si per te thene: Falja dhe Ngjeles.",T,"O Zot, e keni kthyer boten mediatike ne nje fshat! Nje hajvan te paditur e te palexuar si Ngjela(Po po ...te palexuar...i ka mbyllur librat dekada me pare. Kjo duket nga informacionet dhe logjika qe  jep , e cila eshte e viteve 60-70 te shekullit te kaluar.) , cdo dite te Perendise qe te shfaqe me duf brengat e nje jete te deshtuar , karriere profesionale te deshtuar, e te nje karriere politike te deshtuar. Turp! Ka njerez te ditur ,shume te ditur vendi im...brenda e jashte atdheut...Jane ata qe edhe kur i ftoni ua jepni fjalen pak sekonda dhe mbyten nga cjerrjet prej gjeli te Ngjeles e Ngjelave te tjere , pjeserisht nga komplekse inferioriteti,pjeserisht nga frika se mos u zene kete tavoline qe duket se ka 20 vjete qe e keni shtruar. E vetmja premise qe e mbyt cudine time  eshte prezenca e kesaj moderatoreje arrogante dhe pedante...si per te thene: Falja dhe Ngjeles.",Politics,T,F
50,153,Agim Nesha nje injorant i politikes nje ish ambasador me injorant qe ka pasur shqiperia.,T,"Agim Nesha nje injorant i politikes, ish-ambasadori me injorant qe ka pasur Shqiperia.",Politics,T,T
51,194,"KÃ«ta janÃ« politikanÃ«t tan, indoqi djemtÃ« tanÃ« rugÃ«ve tÃ« botÃ«s, tÃ« pa mbrojtur , i shikoni nÃ« kÃ«tÃ« vidio sa tÃ« vegjÃ«l sa tÃ« brisht janÃ« tÃ« vjen pÃ«r tÃ« qar.qÃ« qafshin kokÃ«n politikanÃ«t tanÃ« . Kjo politik e mbrapshtÃ« qÃ« bÃ«ri saliu krimineli i pa par nÃ« gjithÃ« botÃ«n. Sot jeni 34 vjet , e njÃ«jta gjÃ«ndje. VetÃ«m Ã§iren e Ã§iren pa funÃ«.Turp e faqe zezÃ«.",T,"KÃ«ta janÃ« politikanÃ«t tane, i ndoqi djemtÃ« tanÃ« rrugÃ«ve tÃ« botÃ«s, tÃ« pambrojtur , i shikoni nÃ« kÃ«tÃ« video sa tÃ« vegjÃ«l sa tÃ« brishte qe janÃ«.  TÃ« vjen pÃ«r tÃ« qare,  qÃ« cafshin kokÃ«n politikanÃ«t tanÃ«! Kjo politike e mbrapshtÃ« qÃ« bÃ«ri Saliu, krimineli i papare nÃ« gjithÃ« botÃ«n. Sot jeni 34 vjet , e njÃ«jta gjÃ«ndje. VetÃ«m Ã§irren pa fund.Turp e faqe zezÃ«!",Politics,F,T
52,120,MCGONIGAL U DENUA SOT ME DATEN 16 SHKURT ME 28 MUAJ BURG PER CESHTJEN SHQIPTARE DHE KORRUPTIMIN QE I BERI RAMA !!!!!!,F,"Mcgonigal u denua sot me daten 16 shkurt, me 28 muaj burg per Ã§eshtjen shqiptare dhe korrupsionin qe beri Rama !",Politics,F,F
53,350,SA E PESHTIRE QENKA KJO XHULALIJA GRUAJA E BUMCIT MINISTRIT TE MBROJTJES QE MASHTRONE NE SPAK DHE FYCKE NGA TRUTE QE ME VJEDHJE SI FAMILJE XHULALI E BUMCI KANE VILA NE LALEZ E VJEDHUR TOKA NE TROPOJE E VERI TE VENDIT,T,"Sa e peshtire qenka kjo Xhulalja, gruaja e Bumcit ministrit te mbrojtjes qe mashtron ne SPAK dhe fycke nga trute qe me vjedhje si familja Xhulali e Bumci kane vila ne Lalzin e vjedhur, toka ne Tropoje e ne veri te vendit.",Politics,T,T
54,254,"Ky Curri po komenton sikur tÃ« jetÃ« i dÃ«rguar nga kisha shoviniste ortodokse greke, pÃ«r kundÃ«rpeshe se Greqia nuk do njÃ« marrÃ«veshje tÃ« tillÃ« pÃ«r pensionet.",F,"Ky Curri po komenton sikur tÃ« jetÃ« i dÃ«rguar nga kisha shoviniste ortodokse greke, pÃ«r kundÃ«rpeshe, se Greqia nuk do njÃ« marrÃ«veshje tÃ« tillÃ« pÃ«r pensionet.",Politics,F,F
55,185,"Asnje nga ju nuk po thote ti mbani ne Shqiperi, ne momentin qe ju kane ikur te gjithe. Ju jepni pune te mira atyre, I futni te punojne me bashkira, banka, ashtu sic na futen ne pune ne keta ketej. Jeni shume te prapambetur, pa vision. Po niseni nga djalli qe ka njeriu brenda vetes qe nje race eshte superiore ndaj nje tjter, e keni shume gabim o drite shkurtet.",T,"Asnje nga ju nuk po thote ti mbani ne Shqiperi, ne momentin qe ju kane ikur te gjithe. Ju jepni pune te mira atyre, i futni te punojne me bashkite, bankat, ashtu sic na futen ne pune ne keta kendej. Jeni shume te prapambetur, pa vision. Po niseni nga djalli qe ka njeriu brenda vetes, qe nje race eshte superiore ndaj nje tjetri, e keni shume gabim o driteshkurter.",Politics,F,F
56,11,Kti batonit ju ka dhimt serbija qe e kan bombardue nato,F,Ketij Batonit ju ka dhimbsur Serbia qe e ka bombarduar Nato.,Politics,F,F
57,246,Mashtrime Mashtrime dhe Mashtrime partiake,F,"Mashtrime, mashtrime dhe mashtrime partiake.",Politics,F,F
58,281,Brikli nuk i takon te É“urgosurit e nenen gradat,F,"Brikli nuk i takon te burgosurit e ""non grata-et"".",Politics,F,F
59,423,Zoti Hila Ã«shtÃ« patronazhist I Rames,F,Zoti Hila Ã«shtÃ« patronazhist I Rames,Politics,F,F
60,199,Blinken qe furnizon izraelin me bomba qe te vrasin femije palestinez. Free Palestine ğŸ‡µğŸ‡¸,F,Blinken qe furnizon Izraelin me bomba qe te vrasin femijet palestinez. Free Palestine ğŸ‡µğŸ‡¸,Politics,F,F
61,195,"Pse nuk i futen ne Sazan refugjatet, aty te behej kampi. ?",F,Pse nuk i futen ne Sazan refugjatet? Aty te behej kampi.,Politics,F,F
62,148,Nesho eshte spiun edhe servil zvaranik,T,Nesho eshte spiun edhe servil zvarranik.,Politics,T,T
63,124,"Balliu rend fare
Neshon per cfare e therrisni aman, ky s'mendon me koken e vet si shumica . Se te gjithe mbajne ane politike,po jo si ky pa sens llogjik. 
Stabiliteti qe ka patur vendi si pelqen Neshos,ai e do te jete 97, Gerdec, 21 Janar , se kshu i duket bukur qe zgerdhihet kot ?
Ky ne skype eshte pa arsytim fare haha ,pupu ca njerezish dalin e flasin ğŸ˜‚
Ndersa kjo me te zeza, i duket se Amerika eshte ne 3 luftra aktualisht ğŸ˜…  bota kshu ka qen gjithmone moj bij....kshu fronte i ka patur non-stop bota dhe me keq, nuk do te thote qe qenka ne lufte ...",,"Balliu rende fare!
Neshon per cfare e therrisni aman, ky s'mendon me koken e vet si shumica. Te gjithe mbajne ane politike,po jo si ky pa sens logjik. 
Stabiliteti qe ka patur vendi s'i pelqen Neshos,ai e do te jete 97, Gerdec, 21 Janar , se keshtu i duket bukur qe zgerdhihet kot ?
Ky ne skype eshte pa arsyetim fare, pupu ca njerezish dalin e flasin !ğŸ˜‚
Ndersa kjo me te zeza, i duket se Amerika eshte ne 3 luftra aktualisht ğŸ˜…  bota keshtu ka qene gjithmone moj bije....keshtu fronte i ka patur non-stop bota dhe me keq, nuk do te thote qe qenka ne lufte.",Politics,T,F
64,322,Po ne Greqi Maqedoni apo ne Mal te zi i bojn kaq jehon si ne Shqiperi qe vjen Bliken,F,"Po ne Greqi, Maqedoni apo ne Mal te Zi i bejne kaq jehone si ne Shqiperi qe vjen Bliken?",Politics,F,F
65,24,O Fevzi hiq  fore nga kriminel Berish se do te degradosh,,O Fevzi hiq  dore nga kriminel Berisha se do te degradosh.,Politics,F,T
66,38,Kush je TI more zotni,F,Kush je ti more zoteri?,Politics,T,F
67,203,Futja pordhe,F,Futja pordhes.,Politics,T,T
68,68,"Mesazhi i American :Tani kuptuan te gjithe se dhe America nuk ka demokraci ,por vetem interesa per Americanet ,se ky Blinken na e beri Qeverin me Ramen si jane qengja ?ke mashtroni ju o American ,ne Shqiptaret e dime me mire se ju se cfare ndyresira dhe hajduta dhe mafioze jane keta ,Per Monigal nuk the gje ? dokumentat e korrupsionit te Berishes ?nuk na i treguat ?perseri mashtrime ?dhe sy per sy ,cfare mendoni jane budallenj Shqiptaret?",T,"Mesazhi i Amerikes: Tani kuptuan te gjithe se dhe Amerika nuk ka demokraci ,por vetem interesa per amerikanet . Ky Blinken, na e beri qeverine me Ramen sikur te jene qengja. Ke mashtroni ju, o amerikane? Ne shqiptaret e dime me mire se ju se cfare ndyresirash , hajdutash dhe mafioze jane keta! Per Monigal nuk the gje ? Dokumentat e korrupsionit te Berishes, nuk na i treguat ? Perseri mashtrime  dhe sy per sy ,cfare mendoni, jane budallenj shqiptaret?",Politics,T,T
69,266,Ka rrjedhur fare Ngjela ose flet ne emer te Rames ğŸ˜¢ğŸ˜¢ğŸ˜¢,,Ka rrjedhur fare Ngjela ose flet ne emer te Rames! ğŸ˜¢ğŸ˜¢ğŸ˜¢,Politics,T,F
70,315,Je pa njohuri fillestare per gazetari o Greta Duma (ne gjermanisht Duma do te thotÃ« BUDALLAQE),T,Je pa njohuri fillestare per gazetari o Greta Duma (ne gjermanisht Duma do te thotÃ« BUDALLAQE).,Politics,T,T
71,130,Si te takonte sekretari i shtetit USA  opoziten kure opozita eshte 50% rrugace me krye rrugacin berishakov.,T,"Si te takonte sekretari i shtetit USA  opoziten,kur opozita eshte 50% rrugace me ne krye rrugacin Berishakov?",Politics,T,F
72,377,Zhulali apo Zhulalov?? ğŸ˜‚ğŸ˜‚,F,Zhulali apo Zhulalov?? ğŸ˜‚ğŸ˜‚,Politics,F,F
73,295,"Po per ne qe dolem ne pension ne 2012 kur Saliu kish vene kufizim jo me shume se 24000leke ne muaj dhe konkretisht tani qe eshte liberalizuar ky kufizim vazhdojme te marrim ate qe u vleresua ne ate kohe pse nuk na u rillogarit kur u liberalizua nga Rama dhe ne vazhdim te marrim ate qe na takon, konkretisht ne na mbajet ajo vlere e diferences!",F,"Po per ne qe dolem ne pension ne 2012 kur Saliu kishte vene kufizim jo me shume se 24000leke ne muaj dhe konkretisht tani qe eshte liberalizuar ky kufizim, vazhdojme te marrim ate qe u vleresua ne ate kohe. Pse nuk na u rillogarit kur u liberalizua nga Rama dhe ne vazhdim te marrim ate qe na takon ? Konkretisht ne na mbahet ajo vlere e diferences.",Politics,F,F
74,278,"Mendoj ,Kurti, nuk lepin b...... e asnjerit.Mos kÃ«rkoni  ta paraqisni si pengesÃ«.",,Mendoj  qe Kurti nuk lepin bythen e asnjerit.Mos kÃ«rkoni  ta paraqisni si pengesÃ«.,Politics,F,T
75,128,Me vjen keqe per blendin sepse BLINKEN nuke takoi saiovic berishakov!!!!!!,F,Me vjen keq per Blendin sepse Blinken nuk e takoi Saiovic Berishakov!!!!!!,Politics,F,F
76,347,"Love z Lubonjaâ™¥ï¸â™¥ï¸â™¥ï¸ 
Intelektual, origjinal, me kurajo civile, 
Hila nje intelektual provincial qe I pelqen vetjağŸ¤®",,"Love z Lubonjaâ™¥ï¸â™¥ï¸â™¥ï¸ Intelektual, origjinal, me kurajo civile, Hila nje intelektual provincial qe i pelqen vetjağŸ¤®",Politics,F,T
77,45,"Turp, turp corb nje ballist  balliu dhe ne majdanoz ambasador flasin 90% ne nje emisjon. Hera e fundit qe shoh kete emisjon.",T,"Turp, turp corbe, nje ballist Balliu dhe nje majdanoz ambasador, flasin 90% ne nje emision. Hera e fundit qe shoh kete emision.",Politics,T,T
78,243,"Grida kot, POR doli edhe shtuni teveqel",,"Grida kot, por  doli edhe Shtuni teveqel.",Politics,T,T
79,160,"Pse eshte nje Menagjer Italian ne Airoport ? 
Eshte per te ardhur keq 
Ju qe te Shqiperise qe i mbani Italianet aq lart dua tâ€˜ju them qe sa i perket Biznesit dhe menagjmentit Italianet jan shum shum mrapa Gjermanis, Zvicrres, Norvegjis â€¦",F,"Pse eshte nje menaxher italian ne aeroport? Eshte per te ardhur keq per ju te Shqiperise qe i mbani italianet aq lart. Dua tâ€˜ju them qe sa i perket biznesit dhe menaxhimit italianet jane shume shume mbrapa  Gjermanise, Zvicres, Norvegjise â€¦",Politics,F,F
80,222,Ky shtuni nje copÃ« Kastraveci Ã«shte./,T,Ky Shtuni nje copÃ« kastraveci Ã«shte.,Politics,T,T
81,52,edhe baton stanishiqi kopil serbi,T,"Edhe Baton Stanishiqi, kopil serbi!",Politics,T,T
82,179,"Sesht fajtor Bastardi Kurti por ata bythqire Anadollak qe e votoin Kurt Serbin..shpresoj shum qe Serbia te hy nje dit ne Kosove dhe do ta shihni kush dot ik I pari,Bastard Kurti natyrisht",T,"S'eshte fajtor bastard Kurti, por ata bythqire anadollake qe e votonin Kurt Serbin. Shpresoj shume qe Serbia te hyje nje dite ne Kosove dhe do ta shihni kush do te ike i pari. Bastard Kurti, natyrisht!",Politics,T,T
83,369,Bravo Lubonja eshte sakt ashtu si thua erdhi tha ca genjeshtra.Investime te medha jan ne Serbi dhe Shqiperis i vjedhin gjith pasurit qe ka ne te gjitha anet,F,"Bravo Lubonja eshte sakte ashtu si thua, erdhi tha ca genjeshtra.Investime te medha jane ne Serbi dhe Shqiperise i vjedhin gjithe pasurite qe ka nga te gjitha anet.",Politics,F,F
84,172,Taku asht gjigand ğŸ˜‚,F,Taku eshte gjigand! ğŸ˜‚,Politics,F,F
85,403,"z.Hila, ku jeton ti!?",F,"z.Hila, ku jeton ti!?",Politics,F,F
86,353,MOJ XHULALJA NE SPAKE MALOKU SALI BERISHA KA ME SHUME SE 5 PROKURORE SPIUNE TE TIJE TE FSHEHTE PERSNALE QE SHERBIMET E DINE MOJ MALOKE DIPLOMATE E SALI BERSHURES,T,"Moj, Xhulalja ne SPAK, maloku Sali Berisha ka me shume se 5 prokurore spiune te tij te fshehte personale qe sherbimet e dine, moj maloke diplomatike e Sali Berishes.",Politics,T,T
87,231,"Bravo ekspertit z.A.KaramuÃ§o  dhe avokatit Ngjela;bindin me argumente . Qarte,drejte e sinqerisht si gjithmone edhe prof Dash Shehi,ndersa kam petshtupjen se eshte i ceket e tendecioz-cinik gazetari i vetkenaqur",,"Bravo ekspertit z. A. KaramuÃ§o dhe avokatit Ngjela;bindin me argumente . Qarte,drejte e sinqerisht si gjithmone edhe prof Dash Shehi, ndersa kam pershtypjen se eshte i ceket, tendecioz e cinik gazetar i vetekenaqur.",Politics,F,T
88,289,PO VJEN MAQOKU TE MINJTE .,T,Po vjen macoku per minjte.,Politics,F,T
89,63,"Lum ne per analistet qe kemi, ardhja e Blinken, dhe investimet qe po behen po tregon se Italia me nuk eshte faktor sepse ajo pranoi te behet shtet si gjithe te tjerat te BE-se rolin e kesaj do e marre Shqiperia. Historia do e deshmoi kete.",F,Lum ne per analistet qe kemi. Ardhja e Blinken dhe investimet qe po behen.Kjo tregon se Italia nuk eshte me faktor sepse ajo pranoi te behet shtet si gjithe te tjerat te BE-se. Rolin e kesaj do e marre Shqiperia. Historia do e deshmoje kete.,Politics,F,F
90,301,"Si moj le te dalin, njerez jane???
Po a e dini ju zonja zevendesministre, se sa vajza e gra jane perdhunuar e vrare nga ato monstra ne Gjermani?",F,"Si moj le te dalin, njerez jane?  Po a e dini ju zonja zevendesministre, se sa vajza e gra jane perdhunuar e vrare nga ato monstra ne Gjermani?",Politics,F,F
91,365,KY BURGAXHIU I PAGUAR PER TE BERE PROPAGANDE ANTI AMIRIKANE MOSMIRNJOHES NDAJ ATA QE E NXORREN NGA BURGU. HIENE NA BENE MORAL PER DEMOKRACINE,T,"Ky burgaxhiu i paguar per te bere propagande anti-amerikane. Mosmirenjohes ndaj atyre qe e nxorren nga burgu. Hiene, na ben moral per demokracine!",Politics,F,T
92,351,KJO TROPOJANJA XHULALI I TROPOJES SI SHUME KOQEVARE JANE SPIUNE SERBO TE FSHEHUR KJO ESHTE PJELLJA E SPIUNIT SERBO MALOKUT SHPELLARE SALI BERSHURA,T,Kjo tropojanja Xhulali i Tropojes si shume koqevare. Jane spiune serbe te fshehur. KJo eshte pjelle e spiunit serbo-malokut shpellar Sali Berisha.,Politics,T,T
93,270,Gonigali nuk do vije te vere gjoba,F,Gonigali nuk do vije te vere gjoba.,Politics,F,F
94,44,Batoni si gjith.on bastardi e lepirsi i Rames,T,Batoni si gjithmone bastardi e lepirsi i Rames!,Politics,T,T
95,50,Vllezrit tan kinezet ruset sot amerikanet pun baxhellash jem ne,T,"
Vellezerit tane kinezet, rusÃ«t, sot jane amerikanet. Pune baxhellash jemi ne.
",Politics,T,T
96,53,Qelbesira Baton Haxhiu,T,Qelbesira Baton Haxhiu!,Politics,T,T
97,316,Ik oSpartak se taman ke henker ik,,"Ik o Spartak ,se taman ke henger  ik!",Politics,F,T
98,89,Po meqe po flet kjo gjyvendeja nuk ja vlen ta ndjek emisjonin,T,"Meqe po flet kjo gjyvendeja, nuk ja vlen ta ndjek emisionin.",Politics,T,T
99,320,Do permbyset bota qe vjene ne tirane Blinken vjen te heqin ramen te vere salen jeni ftofe ne byth,T,"Do permbyset bota qe vjen ne Tirane Blinken. Vjen te heqin Ramen, te ve Salen! Jeni ftohur ne bythe!",Politics,T,T
100,447,Cipa nuk ke kurajo te thuash te verteten !!???,F,Cipa nuk ke kurajo te thuash te verteten !!???,Politics,F,F
101,294,"Zoti Ngjela
Nuk eshte fitim per vendin te te vijne kaq e kaq refugjat...
Eshte  ""rrezik "" per vendin.
Pasi e shohim sec behet ne europe me refugjatet e afrikes apo te lindjes.",F,"Zoti Ngjela,  nuk eshte fitim per vendin te te vijne kaq e kaq refugjate.
Eshte  ""rrezik "" per vendin.
Pasi e shohim se cfare po behet ne europe me refugjatet e afrikes apo te lindjes.",Politics,F,F
102,258,Dote bin meshkuj per te perzir rasen ka nevoj per shtimin e femive se grat spo lindin,F,"Do te sjellin meshkujt per te perzier rracen,  ka nevoje per shtimin e femijeve se grate s'po lindin.",Politics,F,F
103,150,Mbron demokracin  e spastrin etnik ne lindjen e afert,F,"Mbron demokracine, spastrim etnik ne lindjen e afert.",Politics,F,F
104,131,Kjo eshte per te vene duarte ne koke qe  djali i TURI DERRIT elvisi po na kritikon sekretarin e shtetit te USA.,T,"Kjo eshte per te vene duart ne koke qe djali i turi derrit, Elvisi ,po na kritikon sekretarin e shtetit te USA.",Politics,T,F
105,360,Lubonja je 1- shi,F,Lubonja je 1- shi,Politics,F,T
106,100,Batonovici ka te drejt qe mbron ramovicin se e pranoj life te blendi qe eshte paguar nga leket e inseratoreve,F,Batonovici ka te drejte qe mbron Ramovicin sepse  e pranoi live tek Blendi qe eshte paguar nga leket e inseneratoreve.,Politics,F,F
107,215,O   GJELA  O  KOMUNIST    SHKO  TEK  PS,,"O   Gjela , o komunist shko tek S-ja. ",Politics,F,F
108,450,Analista Leshi si kalamajtÃ« e kopshtit,,"Analista leshi, si kalamajtÃ« e kopshtit",Politics,T,T
109,189,Jankeshtu Grida ftoni njerez me llogjik si Dashi apo avokati dhe ka diskutime dhe llogjik ne studio dhe jo sharlatane apo injorante si Mul Noqja me ahoke,T,"Ja keshtu Grida, ftoni njerez me logjike si Dashi apo avokati dhe ka diskutime dhe logjike ne studio dhe jo sharlatane apo injorante si Mul Noqja me shoke.",Politics,T,T
110,271,Departmenti i Lajme ecka me Moto Ã§ifute ne udhrheqim te tjeret te na ndjekin nga pas!! Si buzqesh Grida se e kupton codinâ€¦. ! ğŸ˜Š,F,"Departmenti i Lajmeve ecen me moto cifute: Ne udheheqim, te tjeret te na ndjekin nga pas! Si buzeqesh Grida se e kupton kodin! ğŸ˜Š",Politics,F,F
111,436,Hila esht medioker par exelance eksemplar i denje i servilizmit idioteske modern shqiptar,F,"Hila eshte medioker per exelance, eksemplar i denje i servilizmit idioteske modern shqiptar",Politics,F,T
112,103,Blendi Fevziu eshte njeri i Baton Stanishiqit gjegjsisht te sllavizmit qe per neve eshte shum tragjike. Edhe ky far Blinkeni ka ardh per interesat e veta dhe asgje tjeter. Batoni eshte kallauzi ma i madh te shqiptarve ne Ballkan. Bile ky punon per shkatrrimin e kesaj Shqiprije Londineze per interesave edhe te Serbis. Ky i shtin hundet cdo kund qe punohet kunder shqiptarve shqiptarve. Ky per shqiptaret e perkrah Edi Kristaq Ramen i cili nuk punon aspak per te miren e shqiptarve.,T,"Blendi Fevziu eshte njeri i Baton Stanishiqit, gjeresisht te sllavizmit, qe per ne eshte shume tragjike. Edhe ky Blinkeni ka ardhur per interesat e veta dhe asgje tjeter. Batoni eshte kallauzi me i madh i shqiptareve ne Ballkan. Madje ky punon per shkaterrimin e kesaj Shqiperie Londineze, per interesat edhe te Serbise. Ky i fut hundet cdokund qe punohet kunder shqiptarve. Ky  e perkrah Edi Kristaq Ramen, i cili nuk punon aspak per te miren e shqiptarve.",Politics,F,F
